/*
 Navicat Premium Data Transfer

 Source Server         : 60.205.211.116
 Source Server Type    : MySQL
 Source Server Version : 50553
 Source Host           : 60.205.211.116
 Source Database       : NeuVideo

 Target Server Type    : MySQL
 Target Server Version : 50553
 File Encoding         : utf-8

 Date: 12/15/2017 21:34:16 PM
*/

SET NAMES utf8;
SET FOREIGN_KEY_CHECKS = 0;

-- ----------------------------
--  Table structure for `admins`
-- ----------------------------
DROP TABLE IF EXISTS `admins`;
CREATE TABLE `admins` (
  `admin_id` int(11) NOT NULL AUTO_INCREMENT,
  `admin_name` varchar(255) NOT NULL,
  `password` varchar(255) NOT NULL,
  PRIMARY KEY (`admin_id`)
) ENGINE=InnoDB AUTO_INCREMENT=2 DEFAULT CHARSET=utf8;

-- ----------------------------
--  Records of `admins`
-- ----------------------------
BEGIN;
INSERT INTO `admins` VALUES ('1', 'sxj', '202cb962ac59075b964b07152d234b70');
COMMIT;

-- ----------------------------
--  Table structure for `comments`
-- ----------------------------
DROP TABLE IF EXISTS `comments`;
CREATE TABLE `comments` (
  `cid` int(11) NOT NULL,
  `content` varchar(255) DEFAULT NULL,
  `cdate` datetime DEFAULT NULL,
  `uid` int(11) DEFAULT NULL,
  `vid` int(11) DEFAULT NULL,
  PRIMARY KEY (`cid`),
  KEY `uid` (`uid`),
  KEY `vid` (`vid`),
  CONSTRAINT `comments_ibfk_1` FOREIGN KEY (`uid`) REFERENCES `users` (`uid`),
  CONSTRAINT `comments_ibfk_2` FOREIGN KEY (`vid`) REFERENCES `videos` (`vid`)
) ENGINE=InnoDB DEFAULT CHARSET=utf8;

-- ----------------------------
--  Records of `comments`
-- ----------------------------
BEGIN;
INSERT INTO `comments` VALUES ('6', '???', '2017-12-13 23:32:29', '4', '45'), ('7', '???', '2017-12-13 23:35:08', '7', '44'), ('8', '???', '2017-12-13 23:35:33', '7', '44'), ('9', '????', '2017-12-13 23:37:16', '7', '44'), ('10', 'hello', '2017-12-13 23:38:30', '7', '44'), ('11', 'hello', '2017-12-13 23:39:05', '7', '44'), ('12', 'hello', '2017-12-13 23:40:23', '7', '44'), ('13', 'zhangsan', '2017-12-13 23:41:07', '3', '42'), ('14', 'zhangsan', '2017-12-13 23:43:57', '3', '42'), ('15', 'hi', '2017-12-13 23:45:15', '3', '42'), ('16', 'aaaaaaaa', '2017-12-13 23:46:43', '3', '42');
COMMIT;

-- ----------------------------
--  Table structure for `levels`
-- ----------------------------
DROP TABLE IF EXISTS `levels`;
CREATE TABLE `levels` (
  `lid` int(11) unsigned NOT NULL AUTO_INCREMENT,
  `vid` int(11) NOT NULL,
  `uid` int(11) NOT NULL,
  `score` int(11) NOT NULL,
  PRIMARY KEY (`lid`)
) ENGINE=InnoDB DEFAULT CHARSET=utf8 COLLATE=utf8_unicode_ci;

-- ----------------------------
--  Table structure for `users`
-- ----------------------------
DROP TABLE IF EXISTS `users`;
CREATE TABLE `users` (
  `uid` int(11) NOT NULL AUTO_INCREMENT,
  `uname` varchar(255) DEFAULT NULL,
  `password` varchar(255) DEFAULT NULL,
  `gender` int(11) DEFAULT NULL,
  `birthdate` datetime DEFAULT NULL,
  `pic` varchar(255) DEFAULT NULL,
  `email` varchar(255) DEFAULT NULL,
  PRIMARY KEY (`uid`)
) ENGINE=InnoDB AUTO_INCREMENT=10 DEFAULT CHARSET=utf8;

-- ----------------------------
--  Records of `users`
-- ----------------------------
BEGIN;
INSERT INTO `users` VALUES ('3', 'zhangsan', '202cb962ac59075b964b07152d234b70', '0', '2017-12-13 23:33:01', '2017121321521651484.jpg', 'zhangsan@qq.com'), ('4', 'lisi', '202cb962ac59075b964b07152d234b70', '1', '2017-12-13 23:33:06', '20171101145239724.jpg', 'lisi@qq.com'), ('7', 'wanger', '202cb962ac59075b964b07152d234b70', '0', '2017-12-13 23:33:10', '20171031032333968.jpg', 'wanger@qq.com'), ('8', 'mazi', '202cb962ac59075b964b07152d234b70', '0', '2017-12-13 23:33:19', '20171101145429527.jpg', 'mazi@qq.com'), ('9', 'panguan', '202cb962ac59075b964b07152d234b70', '1', '2017-12-13 23:33:25', '20171106123226520.jpg', 'panguan@qq.com');
COMMIT;

-- ----------------------------
--  Table structure for `videos`
-- ----------------------------
DROP TABLE IF EXISTS `videos`;
CREATE TABLE `videos` (
  `vid` int(11) NOT NULL,
  `videoname` varchar(255) DEFAULT NULL,
  `tid` int(11) DEFAULT NULL,
  `pic` varchar(255) DEFAULT NULL,
  `intro` varchar(255) DEFAULT NULL,
  `uploaddate` datetime DEFAULT NULL,
  `uploadadmin` varchar(255) DEFAULT NULL,
  `hittimes` int(11) DEFAULT NULL,
  `downtimes` int(11) DEFAULT NULL,
  `address` varchar(255) DEFAULT NULL,
  PRIMARY KEY (`vid`),
  KEY `tid` (`tid`),
  CONSTRAINT `videos_ibfk_1` FOREIGN KEY (`tid`) REFERENCES `videotype` (`tid`)
) ENGINE=InnoDB DEFAULT CHARSET=utf8;

-- ----------------------------
--  Records of `videos`
-- ----------------------------
BEGIN;
INSERT INTO `videos` VALUES ('14', '父子雄兵', '1', '/posters/20171213221303312.png', '梦想靠大项目咸鱼翻身的范小兵（大鹏 饰）始终无法摆脱一个阴影，那就是退伍军人出身的老爹范英雄（范伟 饰）。小兵油嘴滑舌爱忽悠，英雄刚正不阿会武术，小兵斗英雄，天雷勾地火。卤煮店小老板刘雯（张天爱 饰）与小兵相识十年，两人友达之上恋爱未满，她是小兵唯一愿意吐露真心的港湾。范小兵欠下大老板OK哥（任达华 饰）的钱，被追债小弟方健（乔杉 饰）一路折磨，…', '2017-12-14 15:19:23', 'sxj', '9', '0', '/videos/20171213221303462.mp4'), ('15', '绣春刀·修罗战场', '1', '/posters/20171213221714343.png', '明天启七年，北镇抚司锦衣卫沈炼在追查案件中身陷阴谋，为了证明清白，沈炼与少女北斋，同僚裴纶协力查明真相。', '2017-12-14 17:13:56', 'sxj', '34', '6', '/videos/20171213221714624.mp4'), ('16', '喜欢你（2017）', '1', '/posters/20171213221933255.png', '一场意外让平凡的厨师顾胜男（周冬雨 饰）结识了霸道总裁路晋（金城武 饰）。之后，路晋入住了顾胜男所在的酒店，在并不知晓对方真实身份的情况下，顾胜男用一道“女巫汤”征服了路晋挑剔的味蕾，一位厨师和一位食客，两人在美食的联结下产生了奇妙的缘分。 路晋的失眠症日益严重，一次偶然中，他发现自己竟然在顾胜男家的沙发上酣然入睡，从此，这张沙发便成为了他的…', '2017-12-14 15:25:45', 'sxj', '6', '0', '/videos/20171213221933383.mp4'), ('17', '长城', '1', '/posters/20171213222040111.png', '电影《长城》讲述了在古代，一支中国精英部队为保卫人类，在举世闻名的长城上与怪兽饕餮进行生死决战的故事。欧洲雇佣军威廉与同伴佩罗·托瓦尔不远万里来到中国盗取火药配方，意外发现了长城是为抵御60年降临人间一次的饕餮所建。长城内部机关重重，宛如“陆上航母”，由无影禁军世代镇守。在这里，威廉见识了饕餮的凶残，也见证了无影禁军的精锐和勇敢，并被这群战…', '2017-12-14 15:19:14', 'sxj', '3', '0', '/videos/20171213222040220.mp4'), ('18', '春娇救志明', '1', '/posters/20171213222139397.png', '2009年，春娇志明后巷邂逅，演绎烟火世界中的极致浪漫。 2017年，饮食男女分分合合，志明仍未长大，春娇急需爱情救火。 相恋多年的春娇与志明，渐渐从“可遇不可求”的惊涛骇浪变成了普通的情侣。面临“中女危机”的春娇，深感颜值危机，可志明却还如同孩子一般无法长大。不仅两人平日生活磕磕绊绊不断，让春娇更为担心的是，家里的神秘来访者Flora不仅年轻漂亮，神经…', '2017-12-14 11:02:39', 'sxj', '1', '0', '/videos/20171213222139538.mp4'), ('19', '辑枪', '1', '/posters/20171213222236211.png', '一次普通的车辆剐蹭事故里，俞苗老公刘明义拿枪打死了徐天的女朋友，被警察当场击毙。徐天找俞苗赔钱，二人去找卖枪给刘明义的枪贩子马三叹，却遇上了马三叹被警察连广阔抄了老窝。马三叹跳桥重伤，俞苗和徐天被马三叹的弟弟小马绑架，小马用徐天的生命要挟俞苗，要她去医院杀马三叹灭口。俞苗到医院，在连广阔的帮助下蒙混过关，警方根据俞苗的线索追查小马下落，警…', '2017-12-13 22:22:36', 'sxj', '0', '0', '/videos/20171213222236260.mp4'), ('20', '傲慢与偏见', '1', '/posters/20171213222418431.png', '北漂网络写手唐楠楠脑洞大于常人，整日穿行在各种“白日梦”之中，梦想着有一天能成为网文大神，然而在她误打误撞毁掉了贱萌海龟男朱侯为追求女神精心布置的告白仪式之后，这对冤家阴差阳错之下被迫带着各自的傲娇与偏见开始了同居生活。朱侯的高富帅好基友萧见君因对唐楠楠一见钟情展开猛烈攻势，却不料遭到朱侯再三阻挠。当“傲娇”任性撞上“偏见”无理，一场鸡飞…', '2017-12-13 22:26:54', 'sxj', '2', '0', '/videos/20171213222418167.mp4'), ('21', '鲛珠传', '1', '/posters/20171213222518194.png', '辰国攻打卫国，卫国公主叶蓁不甘投降而殉国，被君师傅植入鲛珠从而复活，更获得了开启梦门的方法。叶蓁遇到慕言，与他产生感情，慕言是辰国世子，命运让慕言与叶蓁成为对手。为了拯救叶蓁，慕言放弃了王位。', '2017-12-13 22:25:18', 'sxj', '0', '0', '/videos/20171213222518355.mp4'), ('22', '冯梦龙传奇', '1', '/posters/20171213222639319.png', '电影《冯梦龙传奇》记述了冯梦龙61岁时不远千里从苏州至福建寿宁、由为文而从政的传奇经历，通过消除匪患和虎患、歼灭倭寇、禁溺女婴、兴办水利等务实爱民的政治作为，展现了他爱民、务实、清廉的真实形象。', '2017-12-13 22:26:39', 'sxj', '0', '0', '/videos/20171213222639863.mp4'), ('23', '护士也疯狂', '1', '/posters/20171213222825455.png', '讲述护士李玲儿阴差阳错与第二天要面试的整形医科主任文森意外的发生了关系，当二人在整形医院碰见时就注定了今后的不解之缘。与此同时，同在整形医科的李玲儿闺蜜也在为自己的爱情为之痛苦，作为其他人口中破坏别人家庭的“小三”，当看到自己爱人的妻子为挽留丈夫，不顾一切的想要改变自己的时候，才知道真正的幸福不应如此，却在伤心时刻留意到要幸福就在身边。外…', '2017-12-13 22:28:25', 'sxj', '0', '0', '/videos/20171213222825349.mp4'), ('24', '风流刺客', '1', '/posters/20171213222910121.png', '职业杀手六子追杀周二，在云岭遇到被王府追杀的沈蓉，二人误认周二为恩人，六子还立下杀契，结果反复遭到暗算。好在追杀势力到来时，几人协力战胜对方，并结下深情厚谊。最终六子和沈蓉走到一起，周二也找到了活路。', '2017-12-13 22:29:10', 'sxj', '0', '0', '/videos/20171213222910578.mp4'), ('25', '超级兵王之战狼归来', '1', '/posters/20171213223211375.png', '何勇，侦察连退伍兵，讲义气，身手不凡，用复员费买了辆二手中巴车跑城乡线路，在营运中女朋友遇到了流氓调戏敲诈，何勇被迫出手，吃亏的流氓深夜进村烧车报复，何勇带着两个从小一起长大的好兄弟复仇，却被阴狠毒辣的贩毒团伙头目刀鱼所制，何勇哥仨被从事正当生意的大老板天哥所救后，带着峰子与小新一起投奔天哥，做了其麾下豪情夜总会总经理，夜总会生意很有起色…', '2017-12-13 22:32:49', 'sxj', '1', '0', '/videos/20171213223211177.mp4'), ('26', '血战铜锣湾3', '1', '/posters/20171213223534449.png', '大陆女孩悦然在香港读大学，一日，她被流氓骚扰陷入危机，洪兴古惑仔孝天出手相救，并因意外伤人入狱两年。此时，悦然对孝天一见钟情，一直在香港等他出狱，希望能与他走在一起。两年后，孝天出狱，即将以香港大学优秀毕业生身份毕业的悦然找到孝天表白，面对悬殊的社会身份差距，他并不敢接受悦然的爱，并想尽办法吓退悦然。谁知，悦然不但不害怕，反而更加积极鼓励…', '2017-12-13 22:35:34', 'sxj', '0', '0', '/videos/20171213223534695.mp4'), ('27', '最后的战士', '4', '/posters/20171213223854190.png', '湘西，学成归来的大小姐黄夏，正准备返乡与青梅竹马的少校军官冉志高完婚，不想半途遭山匪袭击，幸被猎人石风相救。从小在山林长大的石风跟随黄夏出山，与冉志高成了惺惺相惜的生死之交，不想却由此揭开了一段尘封多年的家族恩仇，上一代的恩怨情仇令三人之间的情感也卷入了血色漩涡之中。石风为报灭门之仇被逼得上山为匪，兄弟反目。日寇入侵，国破家亡，石风和冉志高为民族大义，放下个人恩怨，携手抗敌，粉碎了日军间谍一个又一个阴谋。在铁山一战中，为消灭敌人的先遣军，浴血奋战至最后一人。', '2017-12-13 22:39:01', 'sxj', '1', '0', '/videos/20171213223854505.mp4'), ('28', '极光之恋', '4', '/posters/20171213224002498.png', '女孩韩星子拥有着高超的表演天赋，用自己的表演向全世界的观众传递爱与希望是她一直以来的梦想。为此她在留学美国期间辗转于大大小小的舞台，用心诠释每一个角色。自由叛逆的少年李俊泰，为了逃离古板的家族和爷爷的强权束缚，来到美国，孤注一掷的追求自己理想：用最先进的视效技术打造最完美的光影艺术作品。不可不信的缘分扣动了命运的轮盘，让俊泰闯入了星子的追梦之旅。主人公韩星子和李俊泰本身并没有什么交集，命运使然让这两个人阴差阳错的走在了一起。', '2017-12-14 17:11:27', 'sxj', '23', '0', '/videos/20171213224002484.mp4'), ('29', '猎场', '4', '/posters/20171213224106149.png', '郑秋冬（胡歌饰）是个为了理想坚持不懈的人，在好友老白和女友罗伊人（菅韧姿饰）的帮助下，事业逐渐有了起色，不想老白突然的去世与自己事业的一夜挫败，让郑秋冬危机重重，然而郑秋冬并不甘心，发愤图强，且在罗伊人的帮助下，平安度过难关，郑也因此对罗伊人产生情愫，只可惜两人缘分未到，遗憾擦肩而过。时间慢慢流逝，林拜（陈龙饰）的出现，给郑秋冬带来了非凡的机遇，而郑秋冬诚信为本的原则，让林拜更加刮目相看。机缘巧合，郑秋冬发现对手袁昆急功近利，准备使用极其不道德的手段达到目的，而郑秋冬面对自己的诚信与良知无法容忍袁昆将要给', '2017-12-13 22:41:06', 'sxj', '0', '0', '/videos/20171213224106544.mp4'), ('30', '我不是精英', '4', '/posters/20171213224144828.png', '青梅竹马的米阳和韦晶偷偷恋爱已经有一段时间了，之所以要瞒着双方父母，是因为身为外企白领的米妈妈一直看不上大专毕业、没个正经工作的韦晶。但随着恋情的曝光，两家的冲突也爆发了。米妈妈逼着优秀帅气的米阳找一个“高学历、高智商、高情商”的“三高”女友。为了维护爱情，成为米妈妈眼中的精英人士，韦晶决定勇闯“外企”。阴错阳差，她竟然进了某世界五百强外企工作，成为了“洋气”的白领。可是本来身为优秀刑警的米阳，却因为一次工作失误，被调职到社区当片警。两个人的身份彻底对调，这种落差也让他们的爱情充满考验。两个年轻人一边调试', '2017-12-14 15:23:15', 'sxj', '35', '4', '/videos/20171213224144195.mp4'), ('31', '海上牧云记', '4', '/posters/20171213224245454.png', '九州大陆上古时代，人类皇族牧云家的六皇子牧云笙是魅族所生，不受父亲宠爱。他偶然获得一幅古画，画中美丽的魅灵盼兮让他痴迷，两人相约要寻找世间最美的地方。少年穆如寒江是大将军穆如槊之子，从小进宫伴读，他个性顽劣，与牧云笙性情相投。此时，附属于端朝的瀚州八部落谋反，被穆如家的铁骑击溃。几年后，八部落的后人硕风和叶羽翼丰满，打败穆如家，穆如家被皇帝流放。穆如、牧云两家反目。然而当八部落大军兵临端朝都城时，唯一能拯救皇朝的只有穆如寒江。一群年轻人的恩怨情仇就在大时代中展开。', '2017-12-13 22:42:45', 'sxj', '0', '0', '/videos/20171213224245696.mp4'), ('32', '急诊科医生', '4', '/posters/20171213224440988.png', '急救医学博导江晓琪美国学成归来，逛街时遭遇抢劫，没想到抢她的少年劫匪突然昏倒在地。江晓琪立刻送他至XX医院急诊。在分诊台，她遇到了正在指挥为受伤的农民工进行截肢手术的急诊科最具学术权威的主任医师何建一，两人出于中美不同的急救观念争执起来。也就在这一天，一名精神分裂者在急诊室门外持刀闹事导致了一名医生惨死，难脱干系的何建一悲痛万分。江晓琪来到急诊室工作，很快凭着高超医术和对患者人性的关怀在医院上下赢得了很多年轻同事的崇拜。一直觊觎急救科主任位置的副主任刘慧敏，本来以为最大的竞争对手是何建一，不想天降江晓琪，', '2017-12-13 22:44:40', 'sxj', '0', '0', '/videos/20171213224440399.mp4'), ('33', '我的！体育老师', '4', '/posters/20171213224530751.png', '大叔马克面临中年危机，却并不能像一个中年男人那样妥善应对:他话唠，经济虽不至于捉襟见肘，但因不善理财，经济危机好像随时有可能发生。王小米一直以来的梦想就是能被当作公主对待，以为嫁了和自己母亲一样大的大叔马克就能实现被宠爱的梦想，但她没想到享受了大叔的成熟和稳定，就要承受他性格中已经既定无法和你磨合的部分。除此之外，小后妈还要面临大叔叛逆腹黑的十五岁女儿马莉，淘气的五岁儿子马瑙，以及和自己奶奶年纪相仿的婆婆，以及那个想要和前夫重修旧好的前妻。小后妈要想得到自己想要的爱情，必须逐个搞定这些七七八八的障碍，让这', '2017-12-14 15:26:05', 'sxj', '1', '0', '/videos/20171213224530129.mp4'), ('34', '生逢灿烂的日子', '4', '/posters/20171213224649967.png', '1970年4月26日，北京胡同里郭家的老三出生了。两个哥哥对老三疼爱有加，然而，在一次打闹中，大哥却失手用水果刀将邻居老范的儿子大伟直接捅死，大哥为自己的行为付出了代价。 出狱之后，大哥接二连三的经历人生的低谷之后，决定抛弃一切，只身远赴草原。二哥从最初的卖买绿豆芽到做起羊肉摊生意，从经营服装厂到投资股票，屡战屡败，屡败屡战。他对事业的执着也正如他对二小姐的心意。老三大学毕业后直接投身到股票市场，在师傅带领下，不断进步成长，终于能独当一面。这个时候他又陷入到两段感情中无法抉择，最终独自前往海南。最小的老四', '2017-12-13 22:46:49', 'sxj', '0', '0', '/videos/20171213224649928.mp4'), ('35', '爱人同志', '4', '/posters/20171213224737675.png', '大革命前夕，广东省某偏远小镇，出身大户人家的小姐沈梦苏和渔家出身的自梳女陈桂，受来镇上宣传新思想的富豪人家子女欧阳春晓的影响，为逃避各自不幸的爱情和婚姻而来到广州。陈桂进入工厂做了缫丝女工，沈梦苏在欧阳春晓的帮助下进入坤雅女子中学读书，在新学校里，梦苏如饥似渴地学习新文化接受新思想的洗礼和熏陶，认识了青年教师、共产党员麦秋实。从此，三个不同出身、不同性格的年轻女性与麦秋实等人一起，经历了省港大罢工、广州起义、白色恐怖等革命斗争的暴风骤雨。在坚守连接粤港澳和江西苏区交通线的过程中，这群青年经历了血与火的考验', '2017-12-13 22:47:37', 'sxj', '0', '0', '/videos/20171213224737860.mp4'), ('36', '致我们单纯的小美好', '4', '/posters/20171213224839846.png', '改编自赵乾乾同名畅销小说，主要讲述了陈小希与江辰19年间共同成长，从青梅竹马到错失后的再次牵手的爱情故事。腹黑傲娇的天才医生，蠢萌逗比的元气少女，全剧气质俏皮幽默，通过展现陈小希倒追江辰一路上啼笑皆非的日常，记录了青春时光里最美好的心动时刻，将专属17岁少男少女之间的青涩感情呈现出来，带领观众重返好时光。', '2017-12-13 22:48:39', 'sxj', '0', '0', '/videos/20171213224839771.mp4'), ('37', '溏心风暴3', '4', '/posters/20171213224927397.png', '《溏心风暴3》故事里描述了两个具有香港特色的家族。一边是传统名门望族，是“离地”精英的“上等人”。代表他们的是高雅的“英式红茶”；另一边，出身“草根”的“贴地”富豪，凭时代机缘与拼搏精神高速致富，代表他们的是平民化的“港式奶茶”。 两个家族在因缘际会下进行商业合并，他们的性格、喜好、学历，素质，是绝对的不协调、不咬弦。一边讲的是牛津英语；另一边是粗俗传神的街坊语言，一边要纾尊降贵，由上流社会降格为巿井之徒；另一边以金钱硬堆贵气，学做上等人。这两种家族都认为是香港文化的精髓，彼此的格格不入，使得笑话百出，也', '2017-12-13 22:49:27', 'sxj', '0', '0', '/videos/20171213224927533.mp4'), ('38', '飞哥战队', '4', '/posters/20171213225009678.png', '驻扎济南的日军高层对梁飞屡次破坏日军的计划恨之入骨，特别将有作战经验的山本调到济南，成立特别行动小组，并制定了一套围剿梁飞及武工队的作战方案。八路军济南武工队得知这一情报，特命梁飞调动一切可以调动的抗战力量，成立一支战队，目的就是要粉碎日本鬼子的阴谋。然而战队的形成梁飞有自己的想法，贵在精而不在多。每一个队员都要有自己的作战特点。梁飞带领飞哥战队与日寇展开激烈斗争，解救被日军关押的矿工、解救被日军绑架的归国化学家叶孝先，每一次战斗梁飞都身先士卒，感染了战队的每一位战友。日军盗印了大量的假法币来破坏大后方的', '2017-12-13 22:50:09', 'sxj', '0', '0', '/videos/20171213225009629.mp4'), ('39', '东风破', '4', '/posters/20171213225059406.png', '胶东农民余东风为了凑齐迎娶同村姑娘小凤的聘礼而去参加国民党军，不料中途逃回村里却发现村子被日本人扫荡，小凤生死不明。东风得知幕后黑手是维持会会长苏大牙，进城不仅杀了苏大牙还搅得满城风雨。关键时刻，八路军连长赵志国出手相救，东风随后加入八路军。四年后，东风已是八路军的一名营长，凭借着自己“智、猛、抠”带着队伍打了一次次胜仗。一次，东风部队和日军发生惨烈血战，团长牺牲，东风报仇心切，未识破鬼子的诡计，带着队伍冒进追击，中了埋伏，全军覆没。东风无脸回去，隐姓埋名参加了县大队，带着这支县大队不断壮大，在一次战斗中', '2017-12-13 22:50:59', 'sxj', '0', '0', '/videos/20171213225059336.mp4'), ('40', '何所冬暖，何所夏凉', '4', '/posters/20171213225146621.png', '简安桀，上海简家的千金，因为后母沈晴瑜的原因，所有人认定她是陷害后母流产的罪魁祸首，唯独后母的侄子席郗辰相信她。为了稳住安桀的情绪，席郗辰失手打了安桀一个巴掌，就是这一巴掌，安桀对整个简家不再留恋，对席郗辰充满恨意。初恋男友叶蔺是当红的大明星，两人因赌气而分手，安桀心灰意冷消失了六年。母亲召唤，安桀六年后再度回到简家，她与席郗辰之间的感觉十分微妙，而此时的叶蔺也总在安桀身边徘徊。最终，她封闭的心门终被打开，一颗心向席郗辰慢慢靠拢，两人终于走到了一起。', '2017-12-13 22:51:46', 'sxj', '0', '0', '/videos/20171213225146840.mp4'), ('41', '小猪佩奇全集', '3', '/posters/20171213225356143.png', '小猪佩奇是一个可爱的但是有些小专横的小猪。她已经五岁了，与她的猪妈妈，猪爸爸，和弟弟乔治生活在一起。佩奇最喜欢做的事情是玩游戏，打扮的漂漂亮亮，渡假，以及在小泥坑里快乐的跳上跳下和与苏西羊（她最好的朋友）乔治（她的弟弟）一起玩儿，拜访她的猪爷爷，猪奶奶。故事内容多数环绕日常生活，比如小孩子们参加学前游戏小组（playgroup）、探访祖父母和表亲、在游乐场游玩、踏单车等等。', '2017-12-13 22:53:56', 'sxj', '0', '0', '/videos/20171213225356778.mp4'), ('42', '海绵宝宝', '3', '/posters/20171213225442441.png', '海绵宝宝是一块居住在海洋深处的海绵（住所是一个大菠萝），他是一个可爱、慷慨大方、友好、可信赖的好人。他露出龅牙的笑容，非常富有表现力的脸和身体，以及他纯真美好的天性使他非常可爱。特征：穿着方形裤子，黄颜色的海绵，露出两颗大牙齿。天真乐观，充满善意，但是尽管他出于好意，仍免不了陷入麻烦之中。他的宠物是一只会喵喵叫的小蜗，海绵宝宝喜欢捕捉水母，职业是蟹堡王里的头号厨师。派大星.章鱼哥和姗迪都是他的朋友。', '2017-12-14 16:46:19', 'sxj', '55', '0', '/videos/20171213225442864.mp4'), ('43', '乐高幻影忍者', '3', '/posters/20171213225532388.png', '武艺高强的吴大师秘密训练了4位擅长幻影旋转术的幻影忍者，他们正在寻找4件威力无比的黄金幻影武器，以维护世界和平。邪恶魔王加满都和他的骷髅军团紧随其后，企图夺走武器并作恶世界。勇敢的幻影忍者们踏上征途、一路战斗、征服神龙穿行地下世界、运用强大的幻影旋转术来夺回正义的黄金武器。', '2017-12-14 15:21:13', 'sxj', '27', '4', '/videos/20171213225532753.mp4'), ('44', '咱们裸熊 第一季', '3', '/posters/20171213225643626.png', '本作主人公是三只拟人化的熊，分别是热血灰熊Grizzly（埃里克·埃德尔斯坦 Eric Edelstein 配音），宅男熊猫panda（鲍比·莫伊尼汉 Bobby Moynihan 配音），全能北极熊Ice Bear（迪米特利·马丁 Demetri Martin 配音）。三个熊兄弟一同住在森林的一个山洞里，常常碰到出其不意的事情，它们既有人类朋友Chloe，也有大脚怪朋友查理。三个熊兄弟按照周围人类的行为准则，竭尽所能成为人类社会的一员。本动画以每集一个10分钟独立小故事的形式，讲述了三只熊的日常故事。本', '2017-12-14 15:20:40', 'sxj', '38', '0', '/videos/20171213225643464.mp4'), ('45', '米奇妙妙屋', '3', '/posters/20171213225835381.png', '米奇和米妮、唐老鸭、黛西、高飞、与布鲁托等最受欢迎的迪士尼明星们，为学龄前小朋友带来全新有趣的3D动画卡通及音乐。', '2017-12-14 15:20:34', 'sxj', '5', '0', '/videos/20171213225835323.mp4'), ('46', '小羊肖恩第1季', '3', '/posters/20171213225914745.png', '由Wallace & Gromit的制作公司和BBC合作创做的一个动画短片集，里面一句台词也没有，哑剧。每集大约有6分钟，但尽显Wallace & Gromit的一贯风格。场景是英国的一个农场，细节做得可爱之极。\"人物\"包括: 小绵羊Shaun，它的羊群伙伴，没太多权威的牧羊狗，三只淘气的...', '2017-12-13 22:59:14', 'sxj', '0', '0', '/videos/20171213225914314.mp4'), ('47', '全能米老鼠', '3', '/posters/20171213230005141.png', '米奇与布鲁托、高飞狗、唐老鸭联合大搞怪，保证每一秒每一分都带给你们无限的欢乐。米奇因付不起房租所以被警长逐出家门，因此米奇邀请大伙一起和他建造一艘游艇，希望能够一起遨游四海。但由于技术不良，游艇一下海就解体了，米奇才发现造船是件很精密的技术，只好又回到陆地上，谁料警长还在岸上等着他……', '2017-12-13 23:00:05', 'sxj', '0', '0', '/videos/20171213230005185.mp4'), ('48', '斯拉格精灵', '3', '/posters/20171213230053424.png', '斯拉格精灵全集动画主角艾尔沙恩想要成为史上最强的斯拉格精灵射手！什么是斯拉格精灵？这是斯拉格地下王国（Slugterra）的岩洞中无处不在的一种小动物，和口袋妖怪类似，可以被人类驯化成为一种神奇的武器。艾尔和他的斯拉格精灵射手团队需要找到不同的斯拉格精灵，通过决斗驯服它们，并训练它们变形成为能够像子弹一样发射出去的我武器，打败布拉克博士所领导的邪恶力量。', '2017-12-13 23:00:53', 'sxj', '0', '0', '/videos/20171213230053821.mp4'), ('49', '泰山', '3', '/posters/20171213230213391.png', '在非洲原始森林成了孤儿的婴孩在猿猴家族的照料下长大成人，人类探险和出现打破了他宁静和平和世界，也使他认识到他是人类的一员，他在决定归属哪一类家族问题上的思考因为他对美丽的珍妮姑娘的感情进而变得更加复杂，而人类将对猿猴家族的伤害更使他进入了进退两难的境地。', '2017-12-13 23:02:13', 'sxj', '0', '0', '/videos/20171213230213775.mp4'), ('50', '变形金刚', '3', '/posters/20171214162958744.png', '在遥远的宇宙中有一个星球--Cybertron.星球上有一种金属生命体，他们在近百万年间分化成正义的博派--汽车人和邪恶的狂派--霸天虎。两军进行了几百万年的战争，星球能源耗尽霸天虎追随汽车人来到了地球。飞船坠毁在一座火山中。四百万年后，火山爆发飞船的主计算机——显像1号启动，并按飞机和汽车的形态改造两军。战争在地球上展开，到了2000年，汽车人与霸天虎展开血战。霸天虎在威震天的带领下袭击汽车人的飞船，铁皮，救护车，大汉，警车等相继被威震天杀死。霸天虎进攻汽车人基地。擎天柱率全体汽车人迎战霸天虎，擎天柱和', '2017-12-14 16:29:58', 'sxj', '0', '0', '/videos/20171214162958454.mp4');
COMMIT;

-- ----------------------------
--  Table structure for `videotype`
-- ----------------------------
DROP TABLE IF EXISTS `videotype`;
CREATE TABLE `videotype` (
  `tid` int(11) NOT NULL AUTO_INCREMENT,
  `typename` varchar(255) NOT NULL,
  PRIMARY KEY (`tid`)
) ENGINE=InnoDB AUTO_INCREMENT=5 DEFAULT CHARSET=utf8;

-- ----------------------------
--  Records of `videotype`
-- ----------------------------
BEGIN;
INSERT INTO `videotype` VALUES ('1', '电影'), ('3', '动画片'), ('4', '电视剧');
COMMIT;

SET FOREIGN_KEY_CHECKS = 1;
